Voltage_V,dQdV_mAh_per_V,Step
2.9999843,-17.302009653615,Discharge
3.0165536,-4.89570983120864,Discharge
3.0594964,-3.65623213196148,Discharge
3.096916,-4.21939090779804,Discharge
3.1295767,-4.89718623757719,Discharge
3.1575937,-5.71123800964754,Discharge
3.1818073,-9.25315107996745,Discharge
3.2031355,-14.1361909025297,Discharge
3.2217305,-17.1501715143887,Discharge
3.237994,-20.1686903614331,Discharge
3.2520216,-23.1312838688299,Discharge
3.2644055,-26.1598495809566,Discharge
3.2753754,-29.8481448710856,Discharge
3.2848735,-33.7923391130354,Discharge
3.2934544,-37.2575999968136,Discharge
3.301271,-41.0889647186478,Discharge
3.3083229,-45.0246962707305,Discharge
3.3148398,-49.4084792909655,Discharge
3.3206878,-54.2735918853151,Discharge
3.3260963,-59.309039059592,Discharge
3.3309886,-62.9280297920615,Discharge
3.3358047,-66.8757954812586,Discharge
3.3401239,-72.4890481005549,Discharge
3.3442326,-77.4035119663678,Discharge
3.3480167,-82.1772570003787,Discharge
3.3516669,-85.9351794288228,Discharge
3.3551259,-92.1241391719026,Discharge
3.3582985,-95.70913030569,Discharge
3.3615091,-97.4635266904575,Discharge
3.3645668,-106.560173641595,Discharge
3.3672423,-109.852017354415,Discharge
3.3701282,-110.611820793691,Discharge
3.3727655,-117.527499948386,Discharge
3.3753264,-121.08448635005,Discharge
3.377811,-128.902216965534,Discharge
3.3800659,-132.646986283252,Discharge
3.3824167,-127.866300004093,Discharge
3.3848438,-137.204977695685,Discharge
3.3868694,-147.997283437524,Discharge
3.3889718,-137.786809035984,Discharge
3.3913033,-141.452420727085,Discharge
3.3932908,-154.428107042495,Discharge
3.3952594,-157.469148457165,Discharge
3.3971705,-162.275037193556,Discharge
3.3990242,-159.047442626193,Discharge
3.4010117,-163.929651842059,Discharge
3.402751,-167.36975617648,Discharge
3.4046619,-171.871120836684,Discharge
3.4063056,-174.682044434253,Discharge
3.4081593,-176.611038079889,Discharge
3.4097648,-184.778412217802,Discharge
3.4114656,-180.621089826349,Discharge
3.4131472,-189.16080376726,Discharge
3.4146953,-190.274253734446,Discharge
3.416358,-184.772740136682,Discharge
3.4180017,-190.292057695218,Discharge
3.4195685,-197.342445656195,Discharge
3.4210975,-202.322456191211,Discharge
3.4225881,-204.914828735083,Discharge
3.4240789,-206.229152888918,Discharge
3.4255505,-210.311308839168,Discharge
3.4269838,-213.128686972658,Discharge
3.428417,-199.795128374848,Discharge
3.4300416,-221.996268817117,Discharge
3.431169,-233.332285857431,Discharge
3.4326599,-208.937799997799,Discharge
3.434093,-226.725418723158,Discharge
3.4353545,-229.977178752792,Discharge
3.4367495,-233.359180340325,Discharge
3.4379725,-235.047057140997,Discharge
3.4393487,-238.5437025703,Discharge
3.4405336,-242.174727511337,Discharge
3.4418714,-242.193857356509,Discharge
3.4430561,-247.813147404132,Discharge
3.4443367,-249.727540055353,Discharge
3.4455025,-273.250358834232,Discharge
3.4465725,-247.812781406552,Discharge
3.4479678,-233.32285414081,Discharge
3.4491909,-255.737920143075,Discharge
3.4503567,-275.591857342977,Discharge
3.4514077,-259.904591158093,Discharge
3.4527073,-253.709078817447,Discharge
3.4538157,-273.21286286626,Discharge
3.4549434,-255.726736489165,Discharge
3.4562047,-264.197791209674,Discharge
3.4572558,-285.414960975289,Discharge
3.4583452,-275.57873384787,Discharge
3.4594727,-277.986216094695,Discharge
3.4605429,-275.591034437132,Discharge
3.4616895,-275.591021054165,Discharge
3.4627597,-277.986147262105,Discharge
3.4638872,-277.973470945887,Discharge
3.4649575,-295.993201242366,Discharge
3.4659512,-307.355110517628,Discharge
3.4669452,-285.414400345239,Discharge
3.4680917,-277.985788988456,Discharge
3.4691429,-273.199745676619,Discharge
3.4703279,-304.475055948061,Discharge
3.4711494,-322.935401132596,Discharge
3.4722197,-307.354886495768,Discharge
3.4731371,-326.176995106272,Discharge
3.4740927,-293.279146093113,Discharge
3.4752202,-293.279308940444,Discharge
3.4761758,-310.369050018611,Discharge
3.4771886,-301.575044345836,Discharge
3.4782016,-307.355757645541,Discharge
3.4791763,-313.410613781842,Discharge
3.4801509,-322.936625721095,Discharge
3.4810681,-332.987264480574,Discharge
3.4819856,-322.88569726386,Discharge
3.4829602,-340.068065331674,Discharge
3.4837821,-307.387398705986,Discharge
3.4849477,-290.629689114887,Discharge
3.4858842,-329.539275769914,Discharge
3.4868016,-329.574851597227,Discharge
3.4877379,-319.709517468571,Discharge
3.4887125,-319.659370976623,Discharge
3.4896491,-326.161450847742,Discharge
3.4905856,-343.722848513144,Discharge
3.4914265,-307.403107841688,Discharge
3.492573,-329.574856428247,Discharge
3.4932802,-367.412177491685,Discharge
3.4942358,-333.006133382664,Discharge
3.4951148,-359.203368589955,Discharge
3.4959366,-340.068500750001,Discharge
3.4969113,-313.411499041332,Discharge
3.4978859,-347.456642595871,Discharge
3.4986696,-340.068424564223,Discharge
3.4996824,-304.461697295941,Discharge
3.5006762,-329.574836964792,Discharge
3.5015361,-367.434200282411,Discharge
3.5023389,-340.068311675524,Discharge
3.5033326,-355.214108971684,Discharge
3.5049763,-336.491013666273,Discharge
3.5058744,-329.574936570422,Discharge
3.50683,-329.574905995297,Discharge
3.5077281,-336.509489511542,Discharge
3.5086455,-359.18219331981,Discharge
3.509429,-355.193642630128,Discharge
3.5103655,-322.886276582233,Discharge
3.5113211,-333.006209465021,Discharge
3.5129647,-351.252409669399,Discharge
3.5139394,-336.491079549387,Discharge
3.5147803,-319.709611304375,Discharge
3.5158503,-343.761550002891,Discharge
3.5174174,-336.509225149203,Discharge
3.518373,-359.181796798801,Discharge
3.5191183,-343.722417528808,Discharge
3.5201504,-329.521090654826,Discharge
3.5217557,-351.312266616325,Discharge
3.5227113,-333.00560133534,Discharge
3.5235903,-319.675660552869,Discharge
3.5246224,-326.178431137624,Discharge
3.5254633,-355.193117494885,Discharge
3.5263424,-322.919880338648,Discharge
3.5273552,-351.312318719909,Discharge
3.5289032,-322.885741879364,Discharge
3.5299735,-322.885719386625,Discharge
3.5307953,-326.2131618896,Discharge
3.5318463,-313.410900575127,Discharge
3.5327446,-351.271704038099,Discharge
3.5335855,-347.495393267396,Discharge
3.5345027,-343.760709031524,Discharge
3.5353627,-336.490073067864,Discharge
3.5363183,-329.520582507622,Discharge
3.5372167,-355.151096187448,Discharge
3.5380385,-333.004867061669,Discharge
3.5390513,-322.936160806391,Discharge
3.5399303,-340.067139340678,Discharge
3.5408478,-313.394200242297,Discharge
3.5418797,-333.004860510493,Discharge
3.5426824,-316.511666033012,Discharge
3.5438099,-290.62884543914,Discharge
3.5447845,-307.35571108833,Discharge
3.5457976,-329.520499276519,Discharge
3.5466385,-329.573866395011,Discharge
3.5476513,-313.410524763978,Discharge
3.5485878,-307.402227626177,Discharge
3.5496387,-298.75847897509,Discharge
3.5506327,-310.322152992828,Discharge
3.5516074,-322.919431976972,Discharge
3.5525246,-343.779934466738,Discharge
3.5533845,-307.355889169873,Discharge
3.5545123,-293.2798389168,Discharge
3.5554676,-316.544648793267,Discharge
3.5564423,-301.57523814198,Discharge
3.5574934,-285.415115466217,Discharge
3.5585828,-293.279729996527,Discharge
3.5595765,-326.177778723384,Discharge
3.5604558,-310.337794499871,Discharge
3.5615451,-270.922858449895,Discharge
3.5627108,-273.237219106114,Discharge
3.563781,-282.890875154551,Discharge
3.5648704,-277.97400916409,Discharge
3.5659788,-285.415316601669,Discharge
3.5670109,-285.41537562502,Discharge
3.5681193,-282.891150161132,Discharge
3.5691705,-268.624172984204,Discharge
3.5703936,-273.23773658959,Discharge
3.5714064,-282.891508671294,Discharge
3.5725532,-268.636284801221,Discharge
3.5736806,-275.592174270975,Discharge
3.57477,-262.034243437023,Discharge
3.5760121,-251.713124008037,Discharge
3.5771971,-266.387440874905,Discharge
3.5783055,-273.238061539952,Discharge
3.579433,-259.905153478039,Discharge
3.5806561,-249.758042818472,Discharge
3.5818791,-233.331987301982,Discharge
3.5832744,-249.717178157869,Discharge
3.5843256,-264.198699496659,Discharge
3.5855868,-249.757999859868,Discharge
3.5867717,-249.747732270305,Discharge
3.588033,-225.129045416227,Discharge
3.5894854,-231.650743836282,Discharge
3.5906703,-242.174010252434,Discharge
3.5920081,-226.716280973202,Discharge
3.593365,-236.80468558247,Discharge
3.594588,-220.465691308301,Discharge
3.5961361,-223.539208065048,Discharge
3.597321,-245.887812416529,Discharge
3.5986207,-231.642156063499,Discharge
3.5999584,-218.956746210618,Discharge
3.6014109,-217.46811530077,Discharge
3.6027677,-213.128634943704,Discharge
3.6042774,-207.588597354833,Discharge
3.6057107,-221.996082883117,Discharge
3.6070294,-217.46813849127,Discharge
3.60852,-204.908019090899,Discharge
3.6100109,-208.923204482076,Discharge
3.6114442,-213.128642932854,Discharge
3.6128774,-204.92861939899,Discharge
3.6144254,-198.548278073659,Discharge
3.6159544,-202.322465472992,Discharge
3.617445,-199.801408542727,Discharge
3.6190121,-189.154925970121,Discharge
3.6206748,-192.577371725279,Discharge
3.6221845,-199.794746560331,Discharge
3.6237326,-197.323160549926,Discharge
3.6252806,-190.280024672083,Discharge
3.6269433,-192.57721664965,Discharge
3.628453,-190.285916116445,Discharge
3.6301539,-179.590808471271,Discharge
3.6318548,-182.667692682951,Discharge
3.6334984,-182.66771979409,Discharge
3.6351993,-176.621065469037,Discharge
3.6369574,-170.952358957985,Discharge
3.638773,-179.591014170299,Discharge
3.6403592,-180.610465493814,Discharge
3.6421556,-172.789876438553,Discharge
3.6438949,-170.943054627576,Discharge
3.6457295,-170.952661066663,Discharge
3.6474686,-169.149365936104,Discharge
3.6493413,-169.140088752952,Discharge
3.6510806,-166.489803694988,Discharge
3.6530108,-163.098547316972,Discharge
3.6548264,-163.098576657827,Discharge
3.6567566,-159.842676545142,Discharge
3.6586485,-159.047858350654,Discharge
3.6605978,-157.477660981179,Discharge
3.662528,-158.252701658042,Discharge
3.6644583,-152.951566606197,Discharge
3.6665223,-152.227421596209,Discharge
3.6684716,-155.934102337436,Discharge
3.6704402,-149.379937074891,Discharge
3.6725614,-153.697906077211,Discharge
3.6744151,-145.967789415769,Discharge
3.6767468,-143.344292030506,Discharge
3.6786771,-155.941775488541,Discharge
3.6806645,-143.354255892142,Discharge
3.6829388,-133.196562694372,Discharge
3.6852512,-140.823033133178,Discharge
3.6872771,-140.20573083231,Discharge
3.6896086,-136.612798083598,Discharge
3.6917491,-136.031803286996,Discharge
3.6940997,-134.321038715826,Discharge
3.6962974,-136.031775507281,Discharge
3.6985908,-129.946859391152,Discharge
3.7009988,-125.856359416949,Discharge
3.703445,-122.951100711619,Discharge
3.7059677,-121.086840587777,Discharge
3.7084904,-122.482682198243,Discharge
3.7109556,-120.630107955733,Discharge
3.7135549,-116.670035763706,Discharge
3.716192,-113.765250192424,Discharge
3.718925,-107.995495430452,Discharge
3.721849,-104.810555846691,Discharge
3.7247539,-104.126326274041,Discharge
3.7277162,-102.789539896992,Discharge
3.7306974,-96.2881763867785,Discharge
3.734061,-87.3416725424508,Discharge
3.7376921,-82.1791886398463,Discharge
3.7414951,-78.9312335238036,Discharge
3.7454321,-53.5156716241971,Discharge
3.750057,-31.903261878079,Discharge
3.7550068,-27.9923840588368,Discharge
3.7609694,-23.3337151067434,Discharge
3.7680979,-19.1419793815991,Discharge
3.7769272,-14.7858447047893,Discharge
3.7887571,-4.58057683702449,Discharge
3.8436139,-2.78418978989731,Discharge
3.5101764,2.45837400076052,Charge
3.5723429,4.24924309661732,Charge
3.5821085,18.3836100787188,Charge
3.5889695,25.4267053974543,Charge
3.5941296,32.5073749472066,Charge
3.5983722,39.5893102440551,Charge
3.6018503,45.9586552543936,Charge
3.6050229,74.5045347916372,Charge
3.6080041,105.571997777477,Charge
3.6108134,115.062315002077,Charge
3.613317,124.463455968714,Charge
3.615725,126.931525611444,Charge
3.6181331,131.099090445247,Charge
3.620388,136.117019301098,Charge
3.6226242,140.293587963557,Charge
3.6247454,142.172995905246,Charge
3.626924,139.678211838936,Charge
3.629122,146.055650743437,Charge
3.6311095,153.050952588861,Charge
3.6331162,158.355668543306,Charge
3.6349699,158.359801541124,Charge
3.6369765,153.047204688395,Charge
3.6389642,165.731310056783,Charge
3.6406651,174.79670379058,Charge
3.6424615,167.479348726696,Charge
3.6443152,169.255254544352,Charge
3.6460733,174.791535289623,Charge
3.6478126,172.893211036097,Charge
3.6496091,175.751305936794,Charge
3.6512909,185.974176490881,Charge
3.6528962,195.059242513711,Charge
3.6544249,197.466083817509,Charge
3.655992,181.744339338154,Charge
3.6577885,187.060926384472,Charge
3.65926,209.068063256455,Charge
3.6607125,203.737673549717,Charge
3.6622605,205.042849491565,Charge
3.6636939,223.67897284174,Charge
3.6649935,223.678931037707,Charge
3.6664269,220.595593659593,Charge
3.6677647,236.95283180816,Charge
3.6690068,255.919399533769,Charge
3.6701534,264.363738245403,Charge
3.6713192,242.325588802387,Charge
3.6726761,249.903838112993,Charge
3.6737654,275.76449801426,Charge
3.6748929,278.148483546079,Charge
3.6759632,290.769967315705,Charge
3.6769953,313.607343207546,Charge
3.6779125,307.595244797158,Charge
3.6789827,313.607399683684,Charge
3.6798618,333.196201265819,Charge
3.6808174,313.5754088243,Charge
3.6818113,326.383077378095,Charge
3.6826904,371.959638479636,Charge
3.6834548,399.892576981648,Charge
3.6842191,363.489053505753,Charge
3.6851366,351.472382030503,Charge
3.6859584,363.489110008394,Charge
3.6868184,432.331096646267,Charge
3.6873724,420.900813349726,Charge
3.6882708,394.881780615546,Charge
3.6889205,438.219804266633,Charge
3.6896658,450.557728381345,Charge
3.6902773,415.353139354872,Charge
3.6911376,394.881908186928,Charge
3.6918254,426.569403492368,Charge
3.6925707,450.557591938353,Charge
3.6931822,444.238393473515,Charge
3.6939468,438.125438824671,Charge
3.6945775,484.671672438448,Charge
3.6952081,450.557455373909,Charge
3.6959343,426.509716782381,Charge
3.6966414,456.956497369929,Charge
3.6972721,456.956476300037,Charge
3.6979792,484.633163903789,Charge
3.6991642,432.300480324264,Charge
3.6999476,438.250777851208,Charge
3.7005591,420.900539904822,Charge
3.7024131,450.523867006628,Charge
3.7031584,420.900440781347,Charge
3.7050886,450.523859412464,Charge
3.7063308,450.557059712211,Charge
3.7071142,410.113871400192,Charge
3.7078214,444.205651775429,Charge
3.7084904,450.55719257703,Charge
3.7091782,444.302735055163,Charge
3.7098663,477.367061942826,Charge
3.7104588,470.388051470806,Charge
3.7111659,444.30283498115,Charge
3.7118347,438.219525303946,Charge
3.7125609,456.99050907283,Charge
3.7131724,477.404343139746,Charge
3.7138414,438.125394732184,Charge
3.7145677,477.367211294354,Charge
3.715122,420.900950043956,Charge
3.7160201,432.331406028966,Charge
3.7172241,456.956865957159,Charge
3.7178738,399.814854472858,Charge
3.7187531,404.872414701762,Charge
3.7193837,420.901138554097,Charge
3.7202055,410.114593311153,Charge
3.7208743,470.460914909837,Charge
3.7215049,444.303422259028,Charge
3.7222502,438.126019962005,Charge
3.7229002,438.157514553428,Charge
3.7236454,426.510464543559,Charge
3.7243335,438.220420098978,Charge
3.7250404,385.397487836344,Charge
3.7259197,380.764549503198,Charge
3.7266459,399.8675091661,Charge
3.7274485,463.575770469971,Charge
3.7279646,444.238986177269,Charge
3.7288246,394.933288900351,Charge
3.7295125,438.220259573443,Charge
3.7302196,415.381718660063,Charge
3.7309842,410.059868549538,Charge
3.7317104,380.811790859738,Charge
3.7325895,390.144260036995,Charge
3.7332773,420.901248400483,Charge
3.7340419,404.872478426998,Charge
3.7347872,444.303305234201,Charge
3.7354178,432.239919385692,Charge
3.7362015,355.416809465373,Charge
3.7371378,376.333935919136,Charge
3.7378259,394.907524803259,Charge
3.7386858,355.437490658425,Charge
3.7395458,394.882126920905,Charge
3.7402339,394.882145215629,Charge
3.7410939,376.357236062711,Charge
3.7418582,371.937855785954,Charge
3.7427375,371.915201572424,Charge
3.7435019,432.301110052733,Charge
3.7441516,415.437979309674,Charge
3.7449734,363.489655021819,Charge
3.7458334,367.643024144302,Charge
3.7466362,385.397003242735,Charge
3.7474196,399.893056111063,Charge
3.7481649,340.281836957082,Charge
3.7492161,363.489274577926,Charge
3.7498467,404.871979106288,Charge
3.750726,351.472458311549,Charge
3.751586,359.407345669318,Charge
3.7524269,376.356540068074,Charge
3.7532103,367.708733828151,Charge
3.7540894,336.701679194897,Charge
3.7550259,329.74566261042,Charge
3.7559433,380.834466902474,Charge
3.7566311,410.113738776811,Charge
3.7574339,336.70171851327,Charge
3.7584467,329.781371628399,Charge
3.7592876,336.701765657201,Charge
3.7602623,355.436759880264,Charge
3.7610075,380.763368544894,Charge
3.7618678,347.65435475693,Charge
3.7627659,329.781111031099,Charge
3.7637215,333.214377458205,Charge
3.7646005,343.995817269033,Charge
3.7654986,340.281018020753,Charge
3.766397,329.727513316959,Charge
3.7673526,333.214250285057,Charge
3.7682316,329.780891226902,Charge
3.7692063,319.859089881578,Charge
3.7701428,347.673630250021,Charge
3.7709646,326.417322868641,Charge
3.7720156,319.909023129489,Charge
3.7728755,326.382273133908,Charge
3.7738886,316.693739850719,Charge
3.7748058,326.417127140198,Charge
3.7757614,316.710263912337,Charge
3.776736,333.213913686846,Charge
3.777596,280.586730316672,Charge
3.7789147,273.384164890974,Charge
3.7798321,326.382454289362,Charge
3.7807877,310.564125016778,Charge
3.7818005,285.6209560053,Charge
3.782928,293.463898095509,Charge
3.7838836,316.710574003902,Charge
3.7848582,290.783810119562,Charge
3.7859859,283.068549904408,Charge
3.7870178,301.779593988789,Charge
3.7880116,288.152276740463,Charge
3.7891393,271.069178127043,Charge
3.7902668,271.105291978137,Charge
3.7913942,288.193170348706,Charge
3.792388,288.152472745337,Charge
3.7935157,283.068944115018,Charge
3.7945476,283.06905863469,Charge
3.7956753,268.804909008284,Charge
3.7968218,273.409451088435,Charge
3.7979112,264.352958763899,Charge
3.7991343,266.566188561648,Charge
3.8002045,273.385030923123,Charge
3.8013704,253.868909896678,Charge
3.8026125,255.920161835366,Charge
3.8037591,280.587801527075,Charge
3.8047912,266.566405907813,Charge
3.8060524,244.175090454378,Charge
3.8072948,260.035175285276,Charge
3.8084033,257.972176186285,Charge
3.8096645,236.953601555206,Charge
3.8109832,246.052089597916,Charge
3.812149,247.978343898467,Charge
3.8134484,251.870965534729,Charge
3.8145761,253.858171825278,Charge
3.8158565,219.086032461034,Charge
3.8173664,217.612010820348,Charge
3.8186657,238.72055003016,Charge
3.8199272,231.787186825355,Charge
3.8213031,219.09374614867,Charge
3.8227174,230.120528026972,Charge
3.8239596,222.126769154456,Charge
3.8254695,209.068069637782,Charge
3.8268836,223.703680542505,Charge
3.8282022,233.477843676657,Charge
3.8295019,207.7112604741,Charge
3.8311453,207.718348744546,Charge
3.8324449,226.849957015548,Charge
3.8338401,209.068215017596,Charge
3.8353689,206.379146520658,Charge
3.8368022,203.7379682074,Charge
3.8383694,206.358285271914,Charge
3.8397646,202.455974258342,Charge
3.8413889,191.545000444522,Charge
3.8429561,197.447089902846,Charge
3.844485,203.738034706109,Charge
3.8459566,188.172482898503,Charge
3.8477337,183.843330669577,Charge
3.8492818,192.679962203468,Charge
3.8509064,187.061079173223,Charge
3.8525498,188.172340612472,Charge
3.8541551,187.060986782478,Charge
3.8558178,187.060906993295,Charge
3.8574231,182.782110989645,Charge
3.8591623,173.846698433366,Charge
3.8609395,173.841721905316,Charge
3.8626788,173.846665909582,Charge
3.8644559,171.983229621704,Charge
3.8662333,169.240699137944,Charge
3.868068,173.841700883431,Charge
3.8697498,177.702502838901,Charge
3.8715081,165.730723700149,Charge
3.8734384,170.149846153256,Charge
3.8751009,170.154598064919,Charge
3.8770311,163.204339386498,Charge
3.8788466,167.474279297924,Charge
3.8806813,161.543976836896,Charge
3.8826308,157.575669435604,Charge
3.8845608,162.372139891383,Charge
3.8863957,166.593523524208,Charge
3.8882303,151.600778545495,Charge
3.8904281,149.469417158035,Charge
3.8923202,168.35530848712,Charge
3.8940592,161.556838961264,Charge
3.8961041,156.039202923971,Charge
3.8979769,160.745362432943,Charge
3.8999071,155.274203738672,Charge
3.9019139,152.322141773075,Charge
3.9039204,158.351066997967,Charge
3.9057744,157.571437653888,Charge
3.9078,152.322028191326,Charge
3.9097877,148.093171858336,Charge
3.9119279,151.604206545063,Charge
3.91382,154.524303889025,Charge
3.915884,148.777913841891,Charge
3.9179289,148.089505506061,Charge
3.920012,146.73164553346,Charge
3.9220951,149.472652772989,Charge
3.9241018,141.533887099701,Charge
3.9264143,143.440137010067,Charge
3.9283636,146.735135108103,Charge
3.9305804,137.284313287635,Charge
3.9328165,136.116624317042,Charge
3.9350715,137.881954597704,Charge
3.9372501,136.69800284579,Charge
3.9395435,129.501847390874,Charge
3.9419706,134.398927212485,Charge
3.944092,133.279612740998,Charge
3.9465573,126.42984901443,Charge
3.9489272,133.836931768892,Charge
3.9511249,130.030741244617,Charge
3.9536285,126.931231490089,Charge
3.955941,127.441955045447,Charge
3.9584253,127.444626356087,Charge
3.9607377,128.982744085569,Charge
3.9631648,125.436306846877,Charge
3.9656112,125.929866452356,Charge
3.9680192,128.465095155304,Charge
3.9703698,124.465851610831,Charge
3.9729307,120.252198786003,Charge
3.9754534,122.559417869512,Charge
3.9779186,123.028056520545,Charge
3.9804223,122.556953602196,Charge
3.9829066,118.034799791663,Charge
3.9856014,121.162632807116,Charge
3.987952,123.986193408892,Charge
3.9905319,120.705681759003,Charge
3.9930165,116.314447934975,Charge
3.9957876,114.649987975038,Charge
3.9983485,121.620566753941,Charge
4.000814,120.247338678943,Charge
4.0034323,119.804256337173,Charge
4.0059166,117.605441145581,Charge
4.0086303,110.299519986581,Charge
4.0114589,113.836415033692,Charge
4.0140004,120.705475375362,Charge
4.0165234,117.594097519087,Charge
4.0191989,117.17709302443,Charge
4.0217404,110.680911213802,Charge
4.0247221,111.449703014249,Charge
4.0272255,115.061972737432,Charge
4.030035,113.432933674672,Charge
4.0326147,116.747419216295,Charge
4.0352712,113.032366554693,Charge
4.038023,109.922686186093,Charge
4.0408325,113.825851653983,Charge
4.0433936,111.449792686045,Charge
4.0463176,106.630630008605,Charge
4.0491266,113.433075878356,Charge
4.0517068,114.240750102414,Charge
4.0544777,112.634735120272,Charge
4.0571342,110.299646906819,Charge
4.06002,108.061332083506,Charge
4.0627913,110.681104998355,Charge
4.0655432,112.239780254494,Charge
4.0682378,112.231552689233,Charge
4.0709901,108.059500135672,Charge
4.073895,104.878254518027,Charge
4.0768189,106.276741319633,Charge
4.0796471,109.544754107295,Charge
4.0823994,110.681223849122,Charge
4.0851703,109.546716754467,Charge
4.0879798,108.435237516656,Charge
4.0908079,109.546724236467,Charge
4.0935602,107.695955363928,Charge
4.0964842,102.528273306321,Charge
4.0995226,103.18940319095,Charge
4.1024084,110.299818656809,Charge
4.1050649,113.022233737793,Charge
4.1078172,101.868797850434,Charge
4.1110659,102.202588102606,Charge
4.1137986,105.223045697348,Charge
4.1168756,105.221193911642,Charge
4.1196084,104.876386862692,Charge
4.1227045,104.876370900845,Charge
4.1254373,105.568189900675,Charge
4.1284952,100.591311843782,Charge
4.1315145,103.857095512418,Charge
4.1343813,102.192067446135,Charge
4.1374965,102.52108012794,Charge
4.1403441,106.621179927032,Charge
4.14323,103.187285860762,Charge
4.1462684,103.189020919901,Charge
4.1491542,102.850477954788,Charge
4.1522121,101.225737196365,Charge
4.1551933,100.58946157351,Charge
4.1582894,103.180310220283,Charge
4.161118,104.195071833583,Charge
4.1641564,100.274350886537,Charge
4.1672144,103.180348145109,Charge
4.1700811,105.568014793321,Charge
4.1730051,99.9612165444063,Charge
4.1761966,98.9689382194298,Charge
4.1791587,97.3987029080544,Charge
4.1822166,71.193806220761,Charge
4.1852551,50.7823373954404,Charge
4.1881599,50.5127156956225,Charge
4.1912179,48.2180271663102,Charge
4.1943903,48.6566312400475,Charge
4.1973715,54.5351562781656,Charge
4.1998563,110.742651679854,Charge
